{"rarity_quantiles": [-0.05892699183897133, 0.0, 0.024062419093466677, 0.17552002777759582], "count_observations_quantiles": [1.0, 109.0, 68382.39999999994], "count_species_quantiles": [1.0, 74.0, 4226.799999999996], "count_observers_quantiles": [1.0, 14.0, 2608.199999999997], "confidence_scores_quantiles": [0.005461428125230951, 0.6292544346272286, 1.0], "species_vs_observations_quantiles": [-0.980126457281571, -0.3091631648503519, 0.04443754792873267, 0.3193406627787816, 0.6168576938330989]}