{"rarity_quantiles": [-0.06744152041928181, -0.0026155799542673624, 0.017559367125521287, 0.18128310068249767], "count_observations_quantiles": [1.0, 38.0, 14564.52499999998], "count_species_quantiles": [1.0, 30.0, 2011.0], "count_observers_quantiles": [1.0, 7.0, 802.0749999999971], "confidence_scores_quantiles": [0.005461428125230951, 0.3304345145008789, 0.9999999999999999], "species_vs_observations_quantiles": [-0.8448773570219277, -0.2346729588087615, 0.0516702149888526, 0.2398544235669271, 0.47654308335556517]}