{"rarity_quantiles": [-0.05306152302711311, -0.004252544534502181, 0.01251456672192226, 0.13521232038824307], "count_observations_quantiles": [1.0, 50.0, 1363.0499999999993], "count_species_quantiles": [1.0, 42.0, 519.0], "count_observers_quantiles": [1.0, 11.0, 101.0], "confidence_scores_quantiles": [0.005461428125230951, 0.4581620477241675, 0.9996458126403561], "species_vs_observations_quantiles": [-0.5397471055044134, -0.08321555077337273, 0.04242703820807847, 0.13630449216182683, 0.25052900422948277]}