{"rarity_quantiles": [-0.05306152302711306, -0.0042525445345021826, 0.012514566721922263, 0.13521232038824307], "count_observations_quantiles": [1.0, 50.0, 1363.0499999999993], "count_species_quantiles": [1.0, 42.0, 519.0], "count_observers_quantiles": [1.0, 11.0, 101.0], "confidence_scores_quantiles": [0.15332361355612342, 2.788644958274116, 6.7782302400929035]}