{"rarity_quantiles": [-0.08327396690148466, 0.0011935300028758217, 0.01030704547987158, 0.21719710265352343], "count_observations_quantiles": [1.0, 7932.0, 158428.79999999996], "count_species_quantiles": [1.0, 1765.0, 6435.149999999999], "count_observers_quantiles": [1.0, 413.0, 3178.25], "confidence_scores_quantiles": [0.005461428125230951, 0.9999949594821451, 1.0], "species_vs_observations_quantiles": [0.03998090210380904, 0.12654584992348666, 0.21080368906455862, 0.706687898089172, 1.0]}