{"rarity_quantiles": [-0.08280297801453003, 0.001525366992145775, 0.012809101944387318, 0.11671817446047894], "count_observations_quantiles": [1.0, 1628.5, 37625.850000000006], "count_species_quantiles": [1.0, 656.0, 3205.8], "count_observers_quantiles": [1.0, 156.0, 1186.9750000000013], "confidence_scores_quantiles": [0.15332361355612342, 7.331149886164271, 10.491813938745798]}