{"rarity_quantiles": [-0.058926991838971335, 0.0, 0.024062419093466677, 0.17552002777759584], "count_observations_quantiles": [1.0, 109.0, 68382.39999999994], "count_species_quantiles": [1.0, 74.0, 4226.799999999996], "count_observers_quantiles": [1.0, 14.0, 2608.199999999997], "confidence_scores_quantiles": [0.005461428125230951, 0.6292544346272286, 1.0]}