{"rarity_quantiles": [-0.06732147106640761, -0.00839925319583357, 0.011679847861607064, 0.1548088578926097], "count_observations_quantiles": [1.0, 7.0, 281.0], "count_species_quantiles": [1.0, 7.0, 165.0], "count_observers_quantiles": [1.0, 3.0, 32.0], "confidence_scores_quantiles": [0.005461428125230951, 0.0787041704882611, 0.9225649207025752], "species_vs_observations_quantiles": [0.5, 0.8485485103132162, 1.0, 1.0, 1.0]}