{"rarity_quantiles": [-0.06582358157016117, -0.005092077428614736, 0.0045284143735191025, 0.12221755739304133], "count_observations_quantiles": [1.0, 4.0, 344.0], "count_species_quantiles": [1.0, 4.0, 175.0], "count_observers_quantiles": [1.0, 2.0, 43.0], "confidence_scores_quantiles": [0.005461428125230951, 0.03379415523217742, 0.9639609918503457]}