{"rarity_quantiles": [-0.06969216460669792, -0.004901434251939431, 0.006451889879835296, 0.14240183157039657], "count_observations_quantiles": [1.0, 8.0, 1043.0], "count_species_quantiles": [1.0, 7.0, 397.0], "count_observers_quantiles": [1.0, 2.0, 103.0], "confidence_scores_quantiles": [0.005461428125230951, 0.07193800800758969, 0.9995017843469516]}