{"rarity_quantiles": [-0.06582358157016113, -0.005092077428614733, 0.0045284143735191094, 0.12221755739304133], "count_observations_quantiles": [1.0, 4.0, 344.0], "count_species_quantiles": [1.0, 4.0, 175.0], "count_observers_quantiles": [1.0, 2.0, 43.0], "confidence_scores_quantiles": [0.005461428125230951, 0.03379415523217742, 0.9639609918503456], "species_vs_observations_quantiles": [-0.6026959878511225, -0.05027806936863222, 0.02008656167009526, 0.11310354432657221, 0.25383280640402717]}