{"rarity_quantiles": [-0.08327396690148468, 0.0011935300028758206, 0.010307045479871582, 0.21719710265352343], "count_observations_quantiles": [1.0, 7932.0, 158428.79999999996], "count_species_quantiles": [1.0, 1765.0, 6435.149999999999], "count_observers_quantiles": [1.0, 413.0, 3178.25], "confidence_scores_quantiles": [0.15332361355612342, 8.978786553301987, 11.972923523970385]}