{"rarity_quantiles": [-0.06969216460669794, -0.004901434251939431, 0.006451889879835297, 0.14240183157039651], "count_observations_quantiles": [1.0, 8.0, 1043.0], "count_species_quantiles": [1.0, 7.0, 397.0], "count_observers_quantiles": [1.0, 2.0, 103.0], "confidence_scores_quantiles": [0.005461428125230951, 0.07193800800758969, 0.9995017843469516], "species_vs_observations_quantiles": [-0.693990240421501, -0.08916126720315587, 0.03452989518209382, 0.13949256973070945, 0.30260257505664034]}