{"rarity_quantiles": [-0.04254096744719072, -0.0012893033121317567, 0.012449118488513431, 0.14236570748265837], "count_observations_quantiles": [1.0, 387.0, 6586.4000000000015], "count_species_quantiles": [1.0, 240.0, 1330.4], "count_observers_quantiles": [1.0, 46.0, 358.60000000000014], "confidence_scores_quantiles": [0.005461428125230951, 0.9360962193372466, 0.9999999982360966], "species_vs_observations_quantiles": [-0.7433342511474432, -0.19846859849219012, 0.05964593190902212, 0.21252899978169548, 0.3678859809003706]}