{"rarity_quantiles": [-0.06582358157016119, -0.005092077428614734, 0.004528414373519092, 0.12221755739304131], "count_observations_quantiles": [1.0, 4.0, 344.0], "count_species_quantiles": [1.0, 4.0, 175.0], "count_observers_quantiles": [1.0, 2.0, 43.0], "confidence_scores_quantiles": [0.005461428125230951, 0.03379415523217742, 0.9639609918503457], "species_vs_observations_quantiles": [-0.6026959878511079, -0.05027806936861934, 0.020086561670109027, 0.11310354432658731, 0.25383280640404404]}