{
    "rarity_quantiles": [
        -0.0673214710664076,
        -0.00839925319583357,
        0.011679847861607083,
        0.1548088578926097
    ],
    "count_observations_quantiles": [
        1.0,
        7.0,
        281.0
    ],
    "count_species_quantiles": [
        1.0,
        7.0,
        165.0
    ],
    "count_observers_quantiles": [
        1.0,
        3.0,
        32.0
    ],
    "confidence_scores_quantiles": [
        0.15332361355612342,
        0.9570407023734948,
        4.861611964144959
    ]
}