{"rarity_quantiles": [-0.08280297801453003, 0.001525366992145774, 0.012809101944387318, 0.11671817446047894], "count_observations_quantiles": [1.0, 1628.5, 37625.850000000006], "count_species_quantiles": [1.0, 656.0, 3205.8], "count_observers_quantiles": [1.0, 156.0, 1186.9750000000013], "confidence_scores_quantiles": [0.005461428125230951, 0.9980919882391542, 0.9999999999999997], "species_vs_observations_quantiles": [-0.8100452855072365, -0.20657367441905183, 0.044822559907915505, 0.24331133529067306, 0.5394302157693625]}