{"rarity_quantiles": [-0.05306152302711311, -0.004252544534502182, 0.13521232038824305], "count_observations_quantiles": [1.0, 50.0, 1363.0499999999993], "count_species_quantiles": [1.0, 42.0, 519.0], "count_observers_quantiles": [1.0, 11.0, 101.0], "confidence_scores_quantiles": [0.15332361355612342, 2.788644958274117, 6.7782302400929035]}