{"rarity_quantiles": [-0.04254096744719072, -0.0012893033121317587, 0.14236570748265837], "count_observations_quantiles": [1.0, 387.0, 6586.4000000000015], "count_species_quantiles": [1.0, 240.0, 1330.4], "count_observers_quantiles": [1.0, 46.0, 358.60000000000014], "confidence_scores_quantiles": [0.15332361355612342, 5.454178610377379, 8.62110887790063]}