{"rarity_quantiles": [-0.07203338274779825, -0.004319706192116527, 0.01081918516975974, 0.1673633197440863], "count_observations_quantiles": [1.0, 17.0, 3684.375], "count_species_quantiles": [1.0, 15.0, 915.0], "count_observers_quantiles": [1.0, 4.0, 277.0], "confidence_scores_quantiles": [0.005461428125230951, 0.16665216160774277, 0.9999999463422324], "species_vs_observations_quantiles": [-0.7435413928830803, -0.14999826993191956, 0.03681550911311193, 0.18216094036711428, 0.3769936242890496]}