{"rarity_quantiles": [-0.06744152041928182, -0.0026155799542673637, 0.01755936712552129, 0.18128310068249767], "count_observations_quantiles": [1.0, 38.0, 14564.52499999998], "count_species_quantiles": [1.0, 30.0, 2011.0], "count_observers_quantiles": [1.0, 7.0, 802.0749999999971], "confidence_scores_quantiles": [0.005461428125230951, 0.3304345145008789, 0.9999999999999999], "species_vs_observations_quantiles": [-0.8448773570219494, -0.23467295880878725, 0.05167021498883928, 0.23985442356690623, 0.4765430833555507]}