{"rarity_quantiles": [-0.07203338274779825, -0.004319706192116528, 0.010819185169759736, 0.16736331974408633], "count_observations_quantiles": [1.0, 17.0, 3684.375], "count_species_quantiles": [1.0, 15.0, 915.0], "count_observers_quantiles": [1.0, 4.0, 277.0], "confidence_scores_quantiles": [0.005461428125230951, 0.16665216160774277, 0.9999999463422324], "species_vs_observations_quantiles": [-0.743541392883093, -0.14999826993193555, 0.0368155091131257, 0.18216094036712405, 0.3769936242890599]}