{"rarity_quantiles": [-0.05306152302711314, -0.004252544534502181, 0.012514566721922261, 0.13521232038824305], "count_observations_quantiles": [1.0, 50.0, 1363.0499999999993], "count_species_quantiles": [1.0, 42.0, 519.0], "count_observers_quantiles": [1.0, 11.0, 101.0], "confidence_scores_quantiles": [0.005461428125230951, 0.4581620477241675, 0.9996458126403561], "species_vs_observations_quantiles": [0.32906472830095895, 0.6816143497757847, 0.8389830508474576, 1.0, 1.0]}