{"rarity_quantiles": [-0.05892699183897134, 0.0, 0.024062419093466677, 0.17552002777759582], "count_observations_quantiles": [1.0, 109.0, 68382.39999999994], "count_species_quantiles": [1.0, 74.0, 4226.799999999996], "count_observers_quantiles": [1.0, 14.0, 2608.199999999997], "confidence_scores_quantiles": [0.005461428125230951, 0.6292544346272286, 1.0], "species_vs_observations_quantiles": [-0.9801264572815668, -0.30916316485034656, 0.044437547928738, 0.31934066277878603, 0.6168576938331036]}