{"rarity_quantiles": [-0.04254096744719073, -0.0012893033121317585, 0.012449118488513431, 0.14236570748265837], "count_observations_quantiles": [1.0, 387.0, 6586.4000000000015], "count_species_quantiles": [1.0, 240.0, 1330.4], "count_observers_quantiles": [1.0, 46.0, 358.60000000000014], "confidence_scores_quantiles": [0.005461428125230951, 0.9360962193372466, 0.9999999982360966], "species_vs_observations_quantiles": [0.1799824719381231, 0.4331491712707182, 0.6106346483704974, 0.8125, 1.0]}