{"rarity_quantiles": [-0.08280297801453003, 0.0015253669921457748, 0.01280910194438732, 0.11671817446047894], "count_observations_quantiles": [1.0, 1628.5, 37625.850000000006], "count_species_quantiles": [1.0, 656.0, 3205.8], "count_observers_quantiles": [1.0, 156.0, 1186.9750000000013], "confidence_scores_quantiles": [0.005461428125230951, 0.9980919882391542, 0.9999999999999997], "species_vs_observations_quantiles": [0.0772836877989201, 0.23138901272936047, 0.40393120393120396, 0.8183607730851825, 1.0]}