{"rarity_quantiles": [-0.08327396690148466, 0.001193530002875821, 0.01030704547987158, 0.21719710265352346], "count_observations_quantiles": [1.0, 7932.0, 158428.79999999996], "count_species_quantiles": [1.0, 1765.0, 6435.149999999999], "count_observers_quantiles": [1.0, 413.0, 3178.25], "confidence_scores_quantiles": [0.005461428125230951, 0.9999949594821451, 1.0], "species_vs_observations_quantiles": [-0.6813537343997266, -0.2932561065420307, 0.02525434386639236, 0.28191411082496964, 0.5880027895796619]}