{"rarity_quantiles": [-0.0666835175353533, -0.007990018284750662, 0.008415418763280967, 0.11204054672852602], "count_observations_quantiles": [1.0, 8.0, 255.9499999999971], "count_species_quantiles": [1.0, 7.0, 150.0], "count_observers_quantiles": [1.0, 3.0, 28.0], "confidence_scores_quantiles": [0.005461428125230951, 0.07193800800758969, 0.8886490338771503]}