{"rarity_quantiles": [-0.028008239979924156, 0.00033369897313008395, 0.010079128193918683, 0.06129878166188997], "count_observations_quantiles": [1.0, 2219.0, 31389.599999999977], "count_species_quantiles": [1.0, 819.0, 2880.299999999999], "count_observers_quantiles": [1.0, 189.0, 1087.0], "confidence_scores_quantiles": [0.005461428125230951, 0.9998447521353362, 0.9999999999999999]}