{"rarity_quantiles": [-0.04866896165637434, 0.0038065992073180264, 0.011283381386753076, 0.12560862643165407], "count_observations_quantiles": [1.0, 7925.5, 126448.97499999998], "count_species_quantiles": [1.0, 1778.0, 6197.624999999998], "count_observers_quantiles": [1.0, 439.0, 2841.45], "confidence_scores_quantiles": [0.005461428125230951, 0.9999963948882729, 1.0]}