{"rarity_quantiles": [-0.05310915514007247, -0.005347137718140672, 0.008653921004262542, 0.08105283551581507], "count_observations_quantiles": [1.0, 48.0, 1140.0], "count_species_quantiles": [1.0, 40.0, 445.0], "count_observers_quantiles": [1.0, 9.0, 87.0], "confidence_scores_quantiles": [0.005461428125230951, 0.4312283849458156, 0.9991251190184609]}