{"rarity_quantiles": [-0.031233922269378107, -0.0022852119825907294, 0.008290798561676202, 0.054864826894149954], "count_observations_quantiles": [1.0, 413.5, 6128.100000000001], "count_species_quantiles": [1.0, 254.0, 1190.3000000000002], "count_observers_quantiles": [1.0, 49.0, 316.60000000000036], "confidence_scores_quantiles": [0.005461428125230951, 0.9576849415131944, 0.9999999897412226]}